subject,training_fraction,training_trials,repeat,balanced_accuracy
1,0.25,7,0,0.6428571428571428
1,0.25,7,1,0.42857142857142855
1,0.25,7,2,0.7857142857142857
1,0.25,7,3,0.5
1,0.25,7,4,0.5
1,0.5,15,0,0.5714285714285714
1,0.5,15,1,0.7142857142857142
1,0.5,15,2,0.7142857142857143
1,0.5,15,3,0.5
1,0.5,15,4,0.5714285714285714
1,0.75,23,0,0.6428571428571428
1,0.75,23,1,0.7857142857142857
1,0.75,23,2,0.8571428571428571
1,0.75,23,3,0.6428571428571428
1,0.75,23,4,0.5714285714285714
1,1.0,31,0,0.6428571428571428
1,1.0,31,1,0.6428571428571428
1,1.0,31,2,0.6428571428571428
1,1.0,31,3,0.6428571428571428
1,1.0,31,4,0.6428571428571428
2,0.25,7,0,0.3571428571428571
2,0.25,7,1,0.3571428571428571
2,0.25,7,2,0.6428571428571428
2,0.25,7,3,0.3571428571428571
2,0.25,7,4,0.3571428571428571
2,0.5,15,0,0.8571428571428571
2,0.5,15,1,0.7142857142857142
2,0.5,15,2,0.8571428571428571
2,0.5,15,3,0.5
2,0.5,15,4,0.7142857142857143
2,0.75,23,0,0.9285714285714286
2,0.75,23,1,0.8571428571428571
2,0.75,23,2,0.9285714285714286
2,0.75,23,3,0.9285714285714286
2,0.75,23,4,0.7142857142857143
2,1.0,31,0,0.9285714285714286
2,1.0,31,1,0.9285714285714286
2,1.0,31,2,0.9285714285714286
2,1.0,31,3,0.9285714285714286
2,1.0,31,4,0.9285714285714286
3,0.25,7,0,0.6428571428571428
3,0.25,7,1,0.6428571428571428
3,0.25,7,2,0.5
3,0.25,7,3,0.5
3,0.25,7,4,0.4285714285714286
3,0.5,15,0,0.5714285714285714
3,0.5,15,1,0.5
3,0.5,15,2,0.5714285714285714
3,0.5,15,3,0.5714285714285714
3,0.5,15,4,0.5
3,0.75,23,0,0.6428571428571428
3,0.75,23,1,0.8571428571428571
3,0.75,23,2,0.5714285714285714
3,0.75,23,3,0.5
3,0.75,23,4,0.5
3,1.0,31,0,0.5714285714285714
3,1.0,31,1,0.5714285714285714
3,1.0,31,2,0.5714285714285714
3,1.0,31,3,0.5714285714285714
3,1.0,31,4,0.5714285714285714
4,0.25,7,0,0.6428571428571428
4,0.25,7,1,0.5
4,0.25,7,2,0.5
4,0.25,7,3,0.35714285714285715
4,0.25,7,4,0.42857142857142855
4,0.5,15,0,0.5
4,0.5,15,1,0.42857142857142855
4,0.5,15,2,0.6428571428571428
4,0.5,15,3,0.42857142857142855
4,0.5,15,4,0.2857142857142857
4,0.75,23,0,0.8571428571428572
4,0.75,23,1,0.5
4,0.75,23,2,0.5
4,0.75,23,3,0.5714285714285714
4,0.75,23,4,0.7142857142857142
4,1.0,31,0,0.7142857142857143
4,1.0,31,1,0.7142857142857143
4,1.0,31,2,0.7142857142857143
4,1.0,31,3,0.7142857142857143
4,1.0,31,4,0.7142857142857143
5,0.25,7,0,0.3571428571428571
5,0.25,7,1,0.5
5,0.25,7,2,0.3571428571428571
5,0.25,7,3,0.6428571428571428
5,0.25,7,4,0.4285714285714286
5,0.5,15,0,0.2857142857142857
5,0.5,15,1,0.5714285714285714
5,0.5,15,2,0.5
5,0.5,15,3,0.5714285714285714
5,0.5,15,4,0.5
5,0.75,23,0,0.4285714285714286
5,0.75,23,1,0.42857142857142855
5,0.75,23,2,0.42857142857142855
5,0.75,23,3,0.5714285714285714
5,0.75,23,4,0.5
5,1.0,31,0,0.5
5,1.0,31,1,0.5
5,1.0,31,2,0.5
5,1.0,31,3,0.5
5,1.0,31,4,0.5
6,0.25,7,0,0.5714285714285714
6,0.25,7,1,0.5
6,0.25,7,2,0.4285714285714286
6,0.25,7,3,0.35714285714285715
6,0.25,7,4,0.5714285714285714
6,0.5,15,0,0.35714285714285715
6,0.5,15,1,0.42857142857142855
6,0.5,15,2,0.4285714285714286
6,0.5,15,3,0.4285714285714286
6,0.5,15,4,0.35714285714285715
6,0.75,23,0,0.35714285714285715
6,0.75,23,1,0.4285714285714286
6,0.75,23,2,0.5714285714285714
6,0.75,23,3,0.4285714285714286
6,0.75,23,4,0.4285714285714286
6,1.0,31,0,0.4285714285714286
6,1.0,31,1,0.4285714285714286
6,1.0,31,2,0.4285714285714286
6,1.0,31,3,0.4285714285714286
6,1.0,31,4,0.4285714285714286
7,0.25,7,0,0.7142857142857143
7,0.25,7,1,0.7857142857142857
7,0.25,7,2,0.9285714285714286
7,0.25,7,3,0.5714285714285714
7,0.25,7,4,0.9285714285714286
7,0.5,15,0,0.8571428571428571
7,0.5,15,1,0.8571428571428571
7,0.5,15,2,0.7857142857142857
7,0.5,15,3,0.9285714285714286
7,0.5,15,4,1.0
7,0.75,23,0,0.8571428571428571
7,0.75,23,1,0.8571428571428571
7,0.75,23,2,0.8571428571428571
7,0.75,23,3,0.9285714285714286
7,0.75,23,4,0.9285714285714286
7,1.0,31,0,0.9285714285714286
7,1.0,31,1,0.9285714285714286
7,1.0,31,2,0.9285714285714286
7,1.0,31,3,0.9285714285714286
7,1.0,31,4,0.9285714285714286
8,0.25,7,0,0.5
8,0.25,7,1,0.5
8,0.25,7,2,0.35714285714285715
8,0.25,7,3,0.5714285714285714
8,0.25,7,4,0.35714285714285715
8,0.5,15,0,0.5
8,0.5,15,1,0.7142857142857142
8,0.5,15,2,0.5
8,0.5,15,3,0.6428571428571428
8,0.5,15,4,0.5714285714285714
8,0.75,23,0,0.42857142857142855
8,0.75,23,1,0.3571428571428571
8,0.75,23,2,0.42857142857142855
8,0.75,23,3,0.5
8,0.75,23,4,0.5714285714285714
8,1.0,31,0,0.5714285714285714
8,1.0,31,1,0.5714285714285714
8,1.0,31,2,0.5714285714285714
8,1.0,31,3,0.5714285714285714
8,1.0,31,4,0.5714285714285714
9,0.25,7,0,0.5
9,0.25,7,1,0.42857142857142855
9,0.25,7,2,0.4285714285714286
9,0.25,7,3,0.35714285714285715
9,0.25,7,4,0.42857142857142855
9,0.5,15,0,0.42857142857142855
9,0.5,15,1,0.42857142857142855
9,0.5,15,2,0.3571428571428571
9,0.5,15,3,0.35714285714285715
9,0.5,15,4,0.5
9,0.75,23,0,0.35714285714285715
9,0.75,23,1,0.42857142857142855
9,0.75,23,2,0.4285714285714286
9,0.75,23,3,0.5
9,0.75,23,4,0.42857142857142855
9,1.0,31,0,0.42857142857142855
9,1.0,31,1,0.42857142857142855
9,1.0,31,2,0.42857142857142855
9,1.0,31,3,0.42857142857142855
9,1.0,31,4,0.42857142857142855
10,0.25,7,0,0.35714285714285715
10,0.25,7,1,0.5
10,0.25,7,2,0.5714285714285714
10,0.25,7,3,0.35714285714285715
10,0.25,7,4,0.3571428571428571
10,0.5,15,0,0.5
10,0.5,15,1,0.4285714285714286
10,0.5,15,2,0.5
10,0.5,15,3,0.3571428571428571
10,0.5,15,4,0.3571428571428571
10,0.75,23,0,0.35714285714285715
10,0.75,23,1,0.42857142857142855
10,0.75,23,2,0.6428571428571428
10,0.75,23,3,0.7142857142857142
10,0.75,23,4,0.35714285714285715
10,1.0,31,0,0.35714285714285715
10,1.0,31,1,0.35714285714285715
10,1.0,31,2,0.35714285714285715
10,1.0,31,3,0.35714285714285715
10,1.0,31,4,0.35714285714285715
11,0.25,7,0,0.5714285714285714
11,0.25,7,1,0.5
11,0.25,7,2,0.7142857142857143
11,0.25,7,3,0.35714285714285715
11,0.25,7,4,0.42857142857142855
11,0.5,15,0,0.5714285714285714
11,0.5,15,1,0.6428571428571428
11,0.5,15,2,0.7142857142857142
11,0.5,15,3,0.35714285714285715
11,0.5,15,4,0.6428571428571428
11,0.75,23,0,0.6428571428571428
11,0.75,23,1,0.6428571428571428
11,0.75,23,2,0.5714285714285714
11,0.75,23,3,0.6428571428571428
11,0.75,23,4,0.6428571428571428
11,1.0,31,0,0.6428571428571428
11,1.0,31,1,0.6428571428571428
11,1.0,31,2,0.6428571428571428
11,1.0,31,3,0.6428571428571428
11,1.0,31,4,0.6428571428571428
12,0.25,7,0,0.7857142857142857
12,0.25,7,1,0.3571428571428571
12,0.25,7,2,0.3571428571428571
12,0.25,7,3,0.42857142857142855
12,0.25,7,4,0.5
12,0.5,15,0,0.6428571428571428
12,0.5,15,1,0.3571428571428571
12,0.5,15,2,0.6428571428571428
12,0.5,15,3,0.5
12,0.5,15,4,0.42857142857142855
12,0.75,23,0,0.5714285714285714
12,0.75,23,1,0.3571428571428571
12,0.75,23,2,0.14285714285714285
12,0.75,23,3,0.42857142857142855
12,0.75,23,4,0.3571428571428571
12,1.0,31,0,0.5
12,1.0,31,1,0.5
12,1.0,31,2,0.5
12,1.0,31,3,0.5
12,1.0,31,4,0.5
13,0.25,7,0,0.42857142857142855
13,0.25,7,1,0.5714285714285714
13,0.25,7,2,0.4285714285714286
13,0.25,7,3,0.35714285714285715
13,0.25,7,4,0.3571428571428571
13,0.5,15,0,0.5714285714285714
13,0.5,15,1,0.5
13,0.5,15,2,0.5
13,0.5,15,3,0.5
13,0.5,15,4,0.5
13,0.75,23,0,0.7142857142857142
13,0.75,23,1,0.5
13,0.75,23,2,0.5
13,0.75,23,3,0.5
13,0.75,23,4,0.3571428571428571
13,1.0,31,0,0.5
13,1.0,31,1,0.5
13,1.0,31,2,0.5
13,1.0,31,3,0.5
13,1.0,31,4,0.5
14,0.25,7,0,0.5
14,0.25,7,1,0.5714285714285714
14,0.25,7,2,0.5
14,0.25,7,3,0.3571428571428571
14,0.25,7,4,0.3571428571428571
14,0.5,15,0,0.5
14,0.5,15,1,0.5714285714285714
14,0.5,15,2,0.2857142857142857
14,0.5,15,3,0.42857142857142855
14,0.5,15,4,0.3571428571428571
14,0.75,23,0,0.42857142857142855
14,0.75,23,1,0.6428571428571428
14,0.75,23,2,0.5
14,0.75,23,3,0.5
14,0.75,23,4,0.42857142857142855
14,1.0,31,0,0.6428571428571428
14,1.0,31,1,0.6428571428571428
14,1.0,31,2,0.6428571428571428
14,1.0,31,3,0.6428571428571428
14,1.0,31,4,0.6428571428571428
15,0.25,7,0,0.42857142857142855
15,0.25,7,1,0.42857142857142855
15,0.25,7,2,0.5
15,0.25,7,3,0.42857142857142855
15,0.25,7,4,0.35714285714285715
15,0.5,15,0,0.5
15,0.5,15,1,0.7857142857142857
15,0.5,15,2,0.4285714285714286
15,0.5,15,3,0.6428571428571428
15,0.5,15,4,0.5714285714285714
15,0.75,23,0,0.7857142857142857
15,0.75,23,1,0.9285714285714286
15,0.75,23,2,0.5
15,0.75,23,3,0.6428571428571428
15,0.75,23,4,0.7857142857142857
15,1.0,31,0,0.7142857142857142
15,1.0,31,1,0.7142857142857142
15,1.0,31,2,0.7142857142857142
15,1.0,31,3,0.7142857142857142
15,1.0,31,4,0.7142857142857142
16,0.25,7,0,0.5
16,0.25,7,1,0.5714285714285714
16,0.25,7,2,0.4285714285714286
16,0.25,7,3,0.6428571428571428
16,0.25,7,4,0.3571428571428571
16,0.5,15,0,0.42857142857142855
16,0.5,15,1,0.5714285714285714
16,0.5,15,2,0.5
16,0.5,15,3,0.5
16,0.5,15,4,0.5
16,0.75,23,0,0.5714285714285714
16,0.75,23,1,0.42857142857142855
16,0.75,23,2,0.5
16,0.75,23,3,0.5
16,0.75,23,4,0.5
16,1.0,31,0,0.5
16,1.0,31,1,0.5
16,1.0,31,2,0.5
16,1.0,31,3,0.5
16,1.0,31,4,0.5
17,0.25,7,0,0.42857142857142855
17,0.25,7,1,0.42857142857142855
17,0.25,7,2,0.5
17,0.25,7,3,0.42857142857142855
17,0.25,7,4,0.5
17,0.5,15,0,0.42857142857142855
17,0.5,15,1,0.5
17,0.5,15,2,0.5714285714285714
17,0.5,15,3,0.35714285714285715
17,0.5,15,4,0.35714285714285715
17,0.75,23,0,0.5714285714285714
17,0.75,23,1,0.42857142857142855
17,0.75,23,2,0.7142857142857142
17,0.75,23,3,0.6428571428571428
17,0.75,23,4,0.5714285714285714
17,1.0,31,0,0.4285714285714286
17,1.0,31,1,0.4285714285714286
17,1.0,31,2,0.4285714285714286
17,1.0,31,3,0.4285714285714286
17,1.0,31,4,0.4285714285714286
18,0.25,7,0,0.3571428571428571
18,0.25,7,1,0.42857142857142855
18,0.25,7,2,0.7142857142857143
18,0.25,7,3,0.5
18,0.25,7,4,0.4285714285714286
18,0.5,15,0,0.3571428571428571
18,0.5,15,1,0.42857142857142855
18,0.5,15,2,0.5714285714285714
18,0.5,15,3,0.5
18,0.5,15,4,0.5
18,0.75,23,0,0.42857142857142855
18,0.75,23,1,0.5
18,0.75,23,2,0.3571428571428571
18,0.75,23,3,0.6428571428571428
18,0.75,23,4,0.3571428571428571
18,1.0,31,0,0.5
18,1.0,31,1,0.5
18,1.0,31,2,0.5
18,1.0,31,3,0.5
18,1.0,31,4,0.5
19,0.25,7,0,0.35714285714285715
19,0.25,7,1,0.21428571428571427
19,0.25,7,2,0.5
19,0.25,7,3,0.5
19,0.25,7,4,0.4285714285714286
19,0.5,15,0,0.6428571428571428
19,0.5,15,1,0.6428571428571428
19,0.5,15,2,0.6428571428571428
19,0.5,15,3,0.5714285714285714
19,0.5,15,4,0.2857142857142857
19,0.75,23,0,0.5714285714285714
19,0.75,23,1,0.8571428571428571
19,0.75,23,2,0.6428571428571428
19,0.75,23,3,0.5
19,0.75,23,4,0.42857142857142855
19,1.0,31,0,0.6428571428571428
19,1.0,31,1,0.6428571428571428
19,1.0,31,2,0.6428571428571428
19,1.0,31,3,0.6428571428571428
19,1.0,31,4,0.6428571428571428
20,0.25,7,0,0.6428571428571428
20,0.25,7,1,0.5
20,0.25,7,2,0.7142857142857143
20,0.25,7,3,0.35714285714285715
20,0.25,7,4,0.5
20,0.5,15,0,0.5
20,0.5,15,1,0.5714285714285714
20,0.5,15,2,0.5714285714285714
20,0.5,15,3,0.5
20,0.5,15,4,0.5
20,0.75,23,0,0.6428571428571428
20,0.75,23,1,0.6428571428571428
20,0.75,23,2,0.5714285714285714
20,0.75,23,3,0.5714285714285714
20,0.75,23,4,0.7142857142857143
20,1.0,31,0,0.5
20,1.0,31,1,0.5
20,1.0,31,2,0.5
20,1.0,31,3,0.5
20,1.0,31,4,0.5
